Name,Phone Number,Address,Website
MN,minneapolis,marketing agencies,405 Media Group,http://www.405mediagroup.com,,
MN,minneapolis,marketing agencies,NATIV3,https://www.nativ3.io/,,
MN,minneapolis,marketing agencies,Agency Jet,https://www.agencyjet.com/?utm_source=gmb&utm_medium=organic&utm_campaign=gmb-listing,,
MN,minneapolis,marketing agencies,ProWeb365,https://www.proweb365.com/,,
MN,minneapolis,marketing agencies,Street Factory Media,http://www.streetfactorymedia.com/,,
MN,minneapolis,marketing agencies,Hook Agency,https://hookagency.com/?utm_source=gmb,,sydnee@hookagency.com
MN,minneapolis,marketing agencies,AAV Digital Marketing,https://www.aavdigitalmarketing.co/socialmediamanagementminneapolis,,info@aavdigitalmarketing.co
MN,minneapolis,marketing agencies,UNO Branding,http://www.unobranding.com/,,info@unobranding.com
MN,minneapolis,marketing agencies,The Guerrilla Agency,https://theguerrilla.agency/,,
MN,minneapolis,marketing agencies,Prospectr Marketing,http://www.prospectrmarketing.com/,,Businesstravis@prospectrs.com
MN,minneapolis,marketing agencies,Voom Creative,http://voomcreative.com/,,hello@voomcreative.com
MN,minneapolis,marketing agencies,Evology,https://evologycreative.com/,,
MN,minneapolis,marketing agencies,Edition Studios,http://www.editionstudios.com/,,hello@editionstudios.com  
MN,minneapolis,marketing agencies,O8,https://www.o8.agency/,,
MN,minneapolis,marketing agencies,Strother Communications Group,https://strothercommunications.group/,,patricks@scgpr.com
MN,minneapolis,marketing agencies,Zeus Jones,http://www.zeusjones.com/,,hello@zeusjones.com
MN,minneapolis,marketing agencies,Rocket55,https://www.rocket55.com/?utm_source=GMB&utm_medium=referral&utm_campaign=click,,info@rocket55.com
MN,minneapolis,marketing agencies,Persuasion Arts & Sciences,http://persuasionism.com/,,dion@persuasionusa.comS
MN,minneapolis,marketing agencies,Ovative Group,https://ovative.com/,,
MN,minneapolis,marketing agencies,PSM Marketing,https://www.psm-marketing.com/,,Terrie@PSM-Marketing.com
MN,minneapolis,marketing agencies,Fresh Coast Collective,http://freshcoastcollective.com/,,info@freshcoastcollective.com
MN,minneapolis,marketing agencies,The Divine Group,http://www.thedivinegroup.co/,,angela@thedivinegroup.co
MN,minneapolis,marketing agencies,Uproer,https://uproer.com/,,
MN,minneapolis,marketing agencies,MSPC,https://mspcagency.com/,,
MN,minneapolis,marketing agencies,Plaudit Design,https://www.plaudit.com/,,sales@plaudit.com
MN,minneapolis,marketing agencies,Morsekode,http://morsekode.com/,,
MN,minneapolis,marketing agencies,Media Bridge Advertising,http://www.mediabridgeadvertising.com/,,hello@mediabridgeadvertising.com
MN,minneapolis,marketing agencies,IN Food Marketing & Design,http://infoodmarketing.com/,,
MN,minneapolis,marketing agencies,broadhead.,https://broadheadco.com/,,
MN,minneapolis,marketing agencies,Capsule,http://www.capsule.us/,,info@capsule.us
MN,minneapolis,marketing agencies,FRWD @ Bain & Company,https://www.frwd.com/,,
MN,minneapolis,marketing agencies,ACTIV,http://www.weareactiv.com/,,
MN,minneapolis,marketing agencies,Olive & Company,http://oliveandcompany.com/,,
MN,minneapolis,marketing agencies,Carmichael Lynch,http://www.carmichaellynch.com/,,hello@clynch.com
MN,minneapolis,marketing agencies,Tad Ware & Company,http://www.tadware.com/,,info@tadware.com
MN,minneapolis,marketing agencies,Augurian,https://augurian.com/,,
MN,minneapolis,marketing agencies,Risdall Marketing Group,https://www.risdall.com/,,
MN,minneapolis,marketing agencies,Portkey SEO Solutions,https://portkeyseominneapolis.com/,,info@portkeyseo.com
MN,minneapolis,marketing agencies,InterActive Circle,https://www.iacircle.com/,,info@iacircle.com
MN,minneapolis,marketing agencies,Kazoo Branding,https://www.kazoobranding.com/,,hello@kazoobranding.com
MN,minneapolis,marketing agencies,Linnihan Foy Advertising,http://linnihanfoy.com/?utm_source=google&utm_medium=gmb,,
MN,minneapolis,marketing agencies,Sharp Creative,http://sharpcreative.net/,,Strategist612.242.3957ben@sharpcreative.comG
